Workbook

Sheet Q1
B2: 1 | C2: Present Date wise Avg Login hour and update the status whether the day meets the target login hour or not. Source - Database Sheet. Highlight Slab column using the color as per the criteria mentioned below
D4: Day | E4: Formulate to get the Day (Sun, Mon…)
D5: Week Number | E5: Formulate to get the Week Number Ex. 12 (12th Week of the Year).
D6: Average Login Hour | E6: Login hour = Staffed Time - Aux Time. Populate for the respective date. Average can be taken by dividing the Login hour by number of agent present for that date.
D7: Format | E7: HH:MM | F7: 0.3125
D8: Slab | E8: > 8 Hrs | F8: 7 to 8 Hrs | G8: 6 to 7 Hrs | H8: < 6 Hrs
D10: Red | E10: < 6 Hrs | I10: =6/24 -> 0.25 | J10: =8/24 -> 0.33333333
D11: Yellow | E11: 6 to 8 Hrs
D12: Greeen | E12: > 8 Hrs
C14: Row Labels | D14: Day | E14: Week Number | F14: Average Login Hour | G14: Slab
C15: 41456 | D15: =TEXT(C15,"dddd") -> Monday | E15: =WEEKNUM(C15,1) -> 27 | F15: =(TEXT(INDEX(Database!$K$2:$K$190,MATCH(TEXT('Q1'!$C15,"mmm"),Database!$M$2:$M$190,0)),"00\:00")/E15) -> 0.46126543 | I15: =SUMIF(Database!$A$2:$A$190,'Q1'!C15,Database!$P$2:$P$190)/COUNTIF(Database!$A$2:$A$190,'Q1'!C15) -> 24171.4 | K15: =AVERAGEIFS(Database!R2:R190,Database!$A$2:$A$190,'Q1'!C15) -> 6.7142778
C16: 41457 | D16: =TEXT(C16,"dddd") -> Tuesday | E16: =WEEKNUM(C16,1) -> 27 | F16: =(TEXT(INDEX(Database!$K$2:$K$190,MATCH(TEXT('Q1'!$C16,"mmm"),Database!$M$2:$M$190,0)),"00\:00")/E16) -> 0.46126543 | I16: =SUMIF(Database!$A$2:$A$190,'Q1'!C16,Database!$P$2:$P$190)/COUNTIF(Database!$A$2:$A$190,'Q1'!C16) -> 23222.6
C17: 41458 | D17: =TEXT(C17,"dddd") -> Wednesday | E17: =WEEKNUM(C17,1) -> 27 | F17: =(TEXT(INDEX(Database!$K$2:$K$190,MATCH(TEXT('Q1'!$C17,"mmm"),Database!$M$2:$M$190,0)),"00\:00")/E17) -> 0.46126543 | I17: =SUMIF(Database!$A$2:$A$190,'Q1'!C17,Database!$P$2:$P$190)/COUNTIF(Database!$A$2:$A$190,'Q1'!C17) -> 27678.5
C18: 41459 | D18: =TEXT(C18,"dddd") -> Thursday | E18: =WEEKNUM(C18,1) -> 27 | F18: =(TEXT(INDEX(Database!$K$2:$K$190,MATCH(TEXT('Q1'!$C18,"mmm"),Database!$M$2:$M$190,0)),"00\:00")/E18) -> 0.46126543 | I18: =SUMIF(Database!$A$2:$A$190,'Q1'!C18,Database!$P$2:$P$190)/COUNTIF(Database!$A$2:$A$190,'Q1'!C18) -> 30309
C19: 41461 | D19: =TEXT(C19,"dddd") -> Saturday | E19: =WEEKNUM(C19,1) -> 27 | F19: =(TEXT(INDEX(Database!$K$2:$K$190,MATCH(TEXT('Q1'!$C19,"mmm"),Database!$M$2:$M$190,0)),"00\:00")/E19) -> 0.46126543 | I19: =SUMIF(Database!$A$2:$A$190,'Q1'!C19,Database!$P$2:$P$190)/COUNTIF(Database!$A$2:$A$190,'Q1'!C19) -> 23698
C20: 41462 | D20: =TEXT(C20,"dddd") -> Sunday | E20: =WEEKNUM(C20,1) -> 28 | F20: =(TEXT(INDEX(Database!$K$2:$K$190,MATCH(TEXT('Q1'!$C20,"mmm"),Database!$M$2:$M$190,0)),"00\:00")/E20) -> 0.44479167 | I20: =SUMIF(Database!$A$2:$A$190,'Q1'!C20,Database!$P$2:$P$190)/COUNTIF(Database!$A$2:$A$190,'Q1'!C20) -> 21702
C21: 41463 | D21: =TEXT(C21,"dddd") -> Monday | E21: =WEEKNUM(C21,1) -> 28 | F21: =(TEXT(INDEX(Database!$K$2:$K$190,MATCH(TEXT('Q1'!$C21,"mmm"),Database!$M$2:$M$190,0)),"00\:00")/E21) -> 0.44479167 | I21: =SUMIF(Database!$A$2:$A$190,'Q1'!C21,Database!$P$2:$P$190)/COUNTIF(Database!$A$2:$A$190,'Q1'!C21) -> 24741.2
C22: 41464 | D22: =TEXT(C22,"dddd") -> Tuesday | E22: =WEEKNUM(C22,1) -> 28 | F22: =(TEXT(INDEX(Database!$K$2:$K$190,MATCH(TEXT('Q1'!$C22,"mmm"),Database!$M$2:$M$190,0)),"00\:00")/E22) -> 0.44479167 | I22: =SUMIF(Database!$A$2:$A$190,'Q1'!C22,Database!$P$2:$P$190)/COUNTIF(Database!$A$2:$A$190,'Q1'!C22) -> 27079.75
C23: 41465 | D23: =TEXT(C23,"dddd") -> Wednesday | E23: =WEEKNUM(C23,1) -> 28 | F23: =(TEXT(INDEX(Database!$K$2:$K$190,MATCH(TEXT('Q1'!$C23,"mmm"),Database!$M$2:$M$190,0)),"00\:00")/E23) -> 0.44479167 | I23: =SUMIF(Database!$A$2:$A$190,'Q1'!C23,Database!$P$2:$P$190)/COUNTIF(Database!$A$2:$A$190,'Q1'!C23) -> 24818.4
C24: 41466 | D24: =TEXT(C24,"dddd") -> Thursday | E24: =WEEKNUM(C24,1) -> 28 | F24: =(TEXT(INDEX(Database!$K$2:$K$190,MATCH(TEXT('Q1'!$C24,"mmm"),Database!$M$2:$M$190,0)),"00\:00")/E24) -> 0.44479167 | I24: =SUMIF(Database!$A$2:$A$190,'Q1'!C24,Database!$P$2:$P$190)/COUNTIF(Database!$A$2:$A$190,'Q1'!C24) -> 22776.25
C25: 41468 | D25: =TEXT(C25,"dddd") -> Saturday | E25: =WEEKNUM(C25,1) -> 28 | F25: =(TEXT(INDEX(Database!$K$2:$K$190,MATCH(TEXT('Q1'!$C25,"mmm"),Database!$M$2:$M$190,0)),"00\:00")/E25) -> 0.44479167 | I25: =SUMIF(Database!$A$2:$A$190,'Q1'!C25,Database!$P$2:$P$190)/COUNTIF(Database!$A$2:$A$190,'Q1'!C25) -> 25290.6
C26: 41469 | D26: =TEXT(C26,"dddd") -> Sunday | E26: =WEEKNUM(C26,1) -> 29 | F26: =(TEXT(INDEX(Database!$K$2:$K$190,MATCH(TEXT('Q1'!$C26,"mmm"),Database!$M$2:$M$190,0)),"00\:00")/E26) -> 0.42945402 | I26: =SUMIF(Database!$A$2:$A$190,'Q1'!C26,Database!$P$2:$P$190)/COUNTIF(Database!$A$2:$A$190,'Q1'!C26) -> 24982.8
C27: 41470 | D27: =TEXT(C27,"dddd") -> Monday | E27: =WEEKNUM(C27,1) -> 29 | F27: =(TEXT(INDEX(Database!$K$2:$K$190,MATCH(TEXT('Q1'!$C27,"mmm"),Database!$M$2:$M$190,0)),"00\:00")/E27) -> 0.42945402 | I27: =SUMIF(Database!$A$2:$A$190,'Q1'!C27,Database!$P$2:$P$190)/COUNTIF(Database!$A$2:$A$190,'Q1'!C27) -> 23834
... C55: 41513 | D55: =TEXT(C55,"dddd") -> Tuesday | E55: =WEEKNUM(C55,1) -> 35 | F55: =(TEXT(INDEX(Database!$K$2:$K$190,MATCH(TEXT('Q1'!$C55,"mmm"),Database!$M$2:$M$190,0)),"00\:00")/E55) -> #VALUE! | I55: =SUMIF(Database!$A$2:$A$190,'Q1'!C55,Database!$P$2:$P$190)/COUNTIF(Database!$A$2:$A$190,'Q1'!C55) -> 26786.4

Sheet Q2
B2: 2 | C2: Formulate to get the Name of the Login ID from the database and the Avg ACD calls per day for each login ID for the month selected. Source - Database Sheet
D4: Name | E4: Populate the name from the database
D5: No of days Present | E5: Total number of days the employee is present for the month selected
D6: Total ACD Calls | E6: Total ACD calls by the employee for the month selected
D7: Avg Calls / day | E7: Formulate to get the Average calls / Day by the agent
C10: Month | D10: Jul
C12: Login ID | D12: Name | E12: No of Days Present | F12: Total ACD Calls. | G12: Avg Calls / Day
C13: 44021 | D13: =VLOOKUP(C13,Database!B:C,2,0) -> Vinay DHD | E13: {=IF($D$1<>TEXT(Database!A2,"mmm"),SUMPRODUCT(--(Database!C2:C190='Q2'!D13)),"")} -> 41 | F13: =IF(D10=TEXT(Database!A2,"mmm"),SUMPRODUCT(--(Database!C2:C190='Q2'!D13),Database!D2:D190),SUMPRODUCT(--(Database!C2:C190='Q2'!D13),Database!D2:D190)) -> 4975 | G13: =+F13/E13 -> 121.34146 | I13: {=SUMPRODUCT(--((TEXT(Database!$A$2:$A$190,"mmm")='Q2'!$D$10)*('Q2'!D13=Database!$C$2:$C$190)))} -> 27 | J13: {=SUMPRODUCT((TEXT(Database!$A$2:$A$190,"mmm")='Q2'!$D$10)*('Q2'!D13=Database!$C$2:$C$190)*(Database!$D$2:$D$190))} -> 3273 | K13: =J13/I13 -> 121.22222 | M13: =COUNTIFS(Database!$C$2:$C$190,'Q2'!D13) -> 41 | N13: =SUMIFS(Database!$D$2:$D$190,Database!$B$2:$B$190,C13) -> 4975 | O13: =AVERAGEIF(Database!$B$2:$B$190,'Q2'!C13,Database!$D$2:$D$190) -> 121.34146
C14: 44022 | D14: =VLOOKUP(C14,Database!B:C,2,0) -> Sadiq Pasha | E14: =IF($D$1<>TEXT(Database!A3,"mmm"),SUMPRODUCT(--(Database!C3:C191='Q2'!D14)),"") -> 41 | F14: =IF(D11=TEXT(Database!A3,"mmm"),SUMPRODUCT(--(Database!C3:C191='Q2'!D14),Database!D3:D191),SUMPRODUCT(--(Database!C3:C191='Q2'!D14),Database!D3:D191)) -> 5267 | G14: =+F14/E14 -> 128.46341 | I14: {=SUMPRODUCT(--((TEXT(Database!$A$2:$A$190,"mmm")='Q2'!$D$10)*('Q2'!D14=Database!$C$2:$C$190)))} -> 27 | J14: {=SUMPRODUCT((TEXT(Database!$A$2:$A$190,"mmm")='Q2'!$D$10)*('Q2'!D14=Database!$C$2:$C$190)*(Database!$D$2:$D$190))} -> 3453 | K14: =J14/I14 -> 127.88889 | M14: =COUNTIFS(Database!$C$2:$C$190,'Q2'!D14) -> 41 | N14: =SUMIFS(Database!$D$2:$D$190,Database!$B$2:$B$190,C14) -> 5267 | O14: =AVERAGEIF(Database!$B$2:$B$190,'Q2'!C14,Database!$D$2:$D$190) -> 128.46341
C15: 44027 | D15: =VLOOKUP(C15,Database!B:C,2,0) -> Ismail Shariff | E15: =IF($D$1<>TEXT(Database!A4,"mmm"),SUMPRODUCT(--(Database!C4:C192='Q2'!D15)),"") -> 30 | F15: =IF(D12=TEXT(Database!A4,"mmm"),SUMPRODUCT(--(Database!C4:C192='Q2'!D15),Database!D4:D192),SUMPRODUCT(--(Database!C4:C192='Q2'!D15),Database!D4:D192)) -> 348 | G15: =+F15/E15 -> 11.6 | I15: {=SUMPRODUCT(--((TEXT(Database!$A$2:$A$190,"mmm")='Q2'!$D$10)*('Q2'!D15=Database!$C$2:$C$190)))} -> 20 | J15: {=SUMPRODUCT((TEXT(Database!$A$2:$A$190,"mmm")='Q2'!$D$10)*('Q2'!D15=Database!$C$2:$C$190)*(Database!$D$2:$D$190))} -> 249 | K15: =J15/I15 -> 12.45 | M15: =COUNTIFS(Database!$C$2:$C$190,'Q2'!D15) -> 30 | N15: =SUMIFS(Database!$D$2:$D$190,Database!$B$2:$B$190,C15) -> 348 | O15: =AVERAGEIF(Database!$B$2:$B$190,'Q2'!C15,Database!$D$2:$D$190) -> 11.6
C16: 44033 | D16: =VLOOKUP(C16,Database!B:C,2,0) -> Raghavendra DHD | E16: =IF($D$1<>TEXT(Database!A5,"mmm"),SUMPRODUCT(--(Database!C5:C193='Q2'!D16)),"") -> 41 | F16: =IF(D13=TEXT(Database!A5,"mmm"),SUMPRODUCT(--(Database!C5:C193='Q2'!D16),Database!D5:D193),SUMPRODUCT(--(Database!C5:C193='Q2'!D16),Database!D5:D193)) -> 4646 | G16: =+F16/E16 -> 113.31707 | I16: {=SUMPRODUCT(--((TEXT(Database!$A$2:$A$190,"mmm")='Q2'!$D$10)*('Q2'!D16=Database!$C$2:$C$190)))} -> 27 | J16: {=SUMPRODUCT((TEXT(Database!$A$2:$A$190,"mmm")='Q2'!$D$10)*('Q2'!D16=Database!$C$2:$C$190)*(Database!$D$2:$D$190))} -> 3061 | K16: =J16/I16 -> 113.37037 | M16: =COUNTIFS(Database!$C$2:$C$190,'Q2'!D16) -> 41 | N16: =SUMIFS(Database!$D$2:$D$190,Database!$B$2:$B$190,C16) -> 4646 | O16: =AVERAGEIF(Database!$B$2:$B$190,'Q2'!C16,Database!$D$2:$D$190) -> 113.31707
C17: 44050 | D17: =VLOOKUP(C17,Database!B:C,2,0) -> Shahid Ali | E17: =IF($D$1<>TEXT(Database!A6,"mmm"),SUMPRODUCT(--(Database!C6:C194='Q2'!D17)),"") -> 36 | F17: =IF(D14=TEXT(Database!A6,"mmm"),SUMPRODUCT(--(Database!C6:C194='Q2'!D17),Database!D6:D194),SUMPRODUCT(--(Database!C6:C194='Q2'!D17),Database!D6:D194)) -> 3851 | G17: =+F17/E17 -> 106.97222 | I17: {=SUMPRODUCT(--((TEXT(Database!$A$2:$A$190,"mmm")='Q2'!$D$10)*('Q2'!D17=Database!$C$2:$C$190)))} -> 24 | J17: {=SUMPRODUCT((TEXT(Database!$A$2:$A$190,"mmm")='Q2'!$D$10)*('Q2'!D17=Database!$C$2:$C$190)*(Database!$D$2:$D$190))} -> 2526 | K17: =J17/I17 -> 105.25 | M17: =COUNTIFS(Database!$C$2:$C$190,'Q2'!D17) -> 36 | N17: =SUMIFS(Database!$D$2:$D$190,Database!$B$2:$B$190,C17) -> 3851 | O17: =AVERAGEIF(Database!$B$2:$B$190,'Q2'!C17,Database!$D$2:$D$190) -> 106.97222

Sheet Q3
B2: 3 | C2: Populate the average AHT for the employee under respective months and highlight using the color as per the criteria mentioned below
C4: AHT | D4: ( ACD Time + ACW Time + Hold Time ) / ACD Calls
C6: Red | D6: >100
C7: Yellow | D7: 80 to 100
C8: Greeen | D8: <80
C10: Login ID | D10: Jul | E10: Aug
C11: 44021 | D11: =SUM(IF(D$10=TEXT(Database!$A2,"MMM"),SUMIF(Database!$B2:$B190,'Q3'!$C11,Database!$L$2:$L$190))) -> 3599.4616 | E11: =SUM(IF(E$10<>TEXT(Database!$A2,"MMM"),SUMIF(Database!$B2:$B190,'Q3'!$C11,Database!$L$2:$L$190))) -> 3599.4616 | G11: {=SUMPRODUCT((Database!$B$2:$B$190='Q3'!$C11)*(TEXT(Database!$A$2:$A$190,"mmm")='Q3'!D$10)*(Database!$Q$2:$Q$190))/SUMPRODUCT(--((Database!$B$2:$B$190='Q3'!$C11)*(TEXT(Database!$A$2:$A$190,"mmm")='Q3'!D$10)))} -> 87.978326 | H11: {=SUMPRODUCT((Database!$B$2:$B$190='Q3'!$C11)*(TEXT(Database!$A$2:$A$190,"mmm")='Q3'!E$10)*(Database!$Q$2:$Q$190))/SUMPRODUCT(--((Database!$B$2:$B$190='Q3'!$C11)*(TEXT(Database!$A$2:$A$190,"mmm")='Q3'!E$10)))} -> 87.431914 | J11: =AVERAGEIFS(Database!$L$2:$L$190, Database!$B$2:$B$190, 'Q3'!$C11, Database!$M$2:$M$190,'Q3'!D$10) -> 87.978326 | K11: =AVERAGEIFS(Database!$L$2:$L$190, Database!$B$2:$B$190, 'Q3'!$C11, Database!$M$2:$M$190,'Q3'!E$10) -> 87.431914
C12: 44022 | D12: =SUM(IF(D$10=TEXT(Database!$A3,"MMM"),SUMIF(Database!$B3:$B191,'Q3'!$C12,Database!$L$2:$L$190))) -> 3599.4616 | E12: =SUM(IF(E$10<>TEXT(Database!$A3,"MMM"),SUMIF(Database!$B3:$B191,'Q3'!$C12,Database!$L$2:$L$190))) -> 3599.4616 | G12: {=SUMPRODUCT((Database!$B$2:$B$190='Q3'!$C12)*(TEXT(Database!$A$2:$A$190,"mmm")='Q3'!D$10)*(Database!$Q$2:$Q$190))/SUMPRODUCT(--((Database!$B$2:$B$190='Q3'!$C12)*(TEXT(Database!$A$2:$A$190,"mmm")='Q3'!D$10)))} -> 71.119652 | H12: {=SUMPRODUCT((Database!$B$2:$B$190='Q3'!$C12)*(TEXT(Database!$A$2:$A$190,"mmm")='Q3'!E$10)*(Database!$Q$2:$Q$190))/SUMPRODUCT(--((Database!$B$2:$B$190='Q3'!$C12)*(TEXT(Database!$A$2:$A$190,"mmm")='Q3'!E$10)))} -> 72.45632 | J12: =AVERAGEIFS(Database!$L$2:$L$190, Database!$B$2:$B$190, 'Q3'!$C12, Database!$M$2:$M$190,'Q3'!D$10) -> 71.119652 | K12: =AVERAGEIFS(Database!$L$2:$L$190, Database!$B$2:$B$190, 'Q3'!$C12, Database!$M$2:$M$190,'Q3'!E$10) -> 72.45632
C13: 44027 | D13: =SUM(IF(D$10=TEXT(Database!$A4,"MMM"),SUMIF(Database!$B4:$B192,'Q3'!$C13,Database!$L$2:$L$190))) -> 2664.2799 | E13: =SUM(IF(E$10<>TEXT(Database!$A4,"MMM"),SUMIF(Database!$B4:$B192,'Q3'!$C13,Database!$L$2:$L$190))) -> 2664.2799 | G13: {=SUMPRODUCT((Database!$B$2:$B$190='Q3'!$C13)*(TEXT(Database!$A$2:$A$190,"mmm")='Q3'!D$10)*(Database!$Q$2:$Q$190))/SUMPRODUCT(--((Database!$B$2:$B$190='Q3'!$C13)*(TEXT(Database!$A$2:$A$190,"mmm")='Q3'!D$10)))} -> 114.34062 | H13: {=SUMPRODUCT((Database!$B$2:$B$190='Q3'!$C13)*(TEXT(Database!$A$2:$A$190,"mmm")='Q3'!E$10)*(Database!$Q$2:$Q$190))/SUMPRODUCT(--((Database!$B$2:$B$190='Q3'!$C13)*(TEXT(Database!$A$2:$A$190,"mmm")='Q3'!E$10)))} -> 126.95547 | J13: =AVERAGEIFS(Database!$L$2:$L$190, Database!$B$2:$B$190, 'Q3'!$C13, Database!$M$2:$M$190,'Q3'!D$10) -> 114.34062 | K13: =AVERAGEIFS(Database!$L$2:$L$190, Database!$B$2:$B$190, 'Q3'!$C13, Database!$M$2:$M$190,'Q3'!E$10) -> 126.95547
C14: 44033 | D14: =SUM(IF(D$10=TEXT(Database!$A5,"MMM"),SUMIF(Database!$B5:$B193,'Q3'!$C14,Database!$L$2:$L$190))) -> 3740.6768 | E14: =SUM(IF(E$10<>TEXT(Database!$A5,"MMM"),SUMIF(Database!$B5:$B193,'Q3'!$C14,Database!$L$2:$L$190))) -> 3740.6768 | G14: {=SUMPRODUCT((Database!$B$2:$B$190='Q3'!$C14)*(TEXT(Database!$A$2:$A$190,"mmm")='Q3'!D$10)*(Database!$Q$2:$Q$190))/SUMPRODUCT(--((Database!$B$2:$B$190='Q3'!$C14)*(TEXT(Database!$A$2:$A$190,"mmm")='Q3'!D$10)))} -> 97.273857 | H14: {=SUMPRODUCT((Database!$B$2:$B$190='Q3'!$C14)*(TEXT(Database!$A$2:$A$190,"mmm")='Q3'!E$10)*(Database!$Q$2:$Q$190))/SUMPRODUCT(--((Database!$B$2:$B$190='Q3'!$C14)*(TEXT(Database!$A$2:$A$190,"mmm")='Q3'!E$10)))} -> 96.940954 | J14: =AVERAGEIFS(Database!$L$2:$L$190, Database!$B$2:$B$190, 'Q3'!$C14, Database!$M$2:$M$190,'Q3'!D$10) -> 97.273857 | K14: =AVERAGEIFS(Database!$L$2:$L$190, Database!$B$2:$B$190, 'Q3'!$C14, Database!$M$2:$M$190,'Q3'!E$10) -> 96.940954
C15: 44050 | D15: =SUM(IF(D$10=TEXT(Database!$A6,"MMM"),SUMIF(Database!$B6:$B194,'Q3'!$C15,Database!$L$2:$L$190))) -> 3293.4109 | E15: =SUM(IF(E$10<>TEXT(Database!$A6,"MMM"),SUMIF(Database!$B6:$B194,'Q3'!$C15,Database!$L$2:$L$190))) -> 3293.4109 | G15: {=SUMPRODUCT((Database!$B$2:$B$190='Q3'!$C15)*(TEXT(Database!$A$2:$A$190,"mmm")='Q3'!D$10)*(Database!$Q$2:$Q$190))/SUMPRODUCT(--((Database!$B$2:$B$190='Q3'!$C15)*(TEXT(Database!$A$2:$A$190,"mmm")='Q3'!D$10)))} -> 97.308524 | H15: {=SUMPRODUCT((Database!$B$2:$B$190='Q3'!$C15)*(TEXT(Database!$A$2:$A$190,"mmm")='Q3'!E$10)*(Database!$Q$2:$Q$190))/SUMPRODUCT(--((Database!$B$2:$B$190='Q3'!$C15)*(TEXT(Database!$A$2:$A$190,"mmm")='Q3'!E$10)))} -> 97.042125 | J15: =AVERAGEIFS(Database!$L$2:$L$190, Database!$B$2:$B$190, 'Q3'!$C15, Database!$M$2:$M$190,'Q3'!D$10) -> 97.308524 | K15: =AVERAGEIFS(Database!$L$2:$L$190, Database!$B$2:$B$190, 'Q3'!$C15, Database!$M$2:$M$190,'Q3'!E$10) -> 97.042125
C16: Total AHT | D16: =SUM(D11:D15) -> 16897.291 | E16: =SUM(E11:E15) -> 16897.291

Sheet Q4
B2: 4 | C2: Create a Graph with below mentioned data points
C4: Day wise calls for each id provided in the table.
C5: ID | D5: 41456 | E5: 41457 | F5: 41458 | G5: 41459 | H5: 41461 | I5: 41462 | J5: 41463 | K5: 41464 | L5: 41465 | M5: Total Calls | N5: Contribution %
C6: A1 | D6: 149 | E6: 110 | F6: 104 | G6: 110 | H6: 124 | I6: 126 | J6: 110 | K6: 116 | L6: 101 | M6: =SUM(D6:L6) -> 1050 | N6: =+M6/$M$11 -> 0.2501787
C7: B1 | D7: 133 | E7: 119 | F7: 106 | G7: 139 | H7: 113 | I7: 67 | J7: 118 | K7: 127 | L7: 120 | M7: =SUM(D7:L7) -> 1042 | N7: =+M7/$M$11 -> 0.24827258
C8: C1 | D8: 16 | E8: 11 | F8: 0 | G8: 0 | H8: 20 | I8: 9 | J8: 10 | K8: 0 | L8: 10 | M8: =SUM(D8:L8) -> 76 | N8: =+M8/$M$11 -> 0.018108173
C9: D1 | D9: 246 | E9: 100 | F9: 111 | G9: 105 | H9: 109 | I9: 128 | J9: 97 | K9: 119 | L9: 105 | M9: =SUM(D9:L9) -> 1120 | N9: =+M9/$M$11 -> 0.26685728
C10: E1 | D10: 106 | E10: 100 | F10: 69 | G10: 116 | H10: 106 | I10: 133 | J10: 105 | K10: 83 | L10: 91 | M10: =SUM(D10:L10) -> 909 | N10: =+M10/$M$11 -> 0.21658327
C11: Grand Total | D11: 650 | E11: 440 | F11: 390 | G11: 470 | H11: 472 | I11: 463 | J11: 440 | K11: 445 | L11: 427 | M11: =SUM(M6:M10) -> 4197
C13: Create a Two graph with the following details
C14: Bar Graph | D14: Total Calls from the day wise data provided in the table
C15: Line Graph | D15: Total Calls from the day wise data provided in the table

Sheet Q5
B2: 5 | C2: Formulate to get the below fields.
C4: Name | D4: Date of Joining | E4: First Name | F4: Last Name | G4: Tenure in Months
C5: Vinay DHD | D5: 40923 | E5: =LEFT(C5,FIND(" ",C5)-1) -> Vinay | F5: =RIGHT(C5,LEN(C5)-FIND(" ",C5)+1) -> DHD | G5: =DATEDIF($D5,TODAY(),"M") -> 168 | H5: =DATEDIF(D5,TODAY(),"M") -> 168 | J5: =DATEDIF(D5,TODAY(),"m") -> 168 | K5: {=_xlfn.CHOOSECOLS(_xlfn.TEXTSPLIT(TRIM($C5)," "),COLUMNS($K$4:K4))} -> Vinay | L5: {=_xlfn.CHOOSECOLS(_xlfn.TEXTSPLIT(TRIM($C5)," "),COLUMNS($K$4:L4))} -> DHD | N5: =MID(C5,1,FIND(" ",C5)-1) -> Vinay | O5: =TRIM(SUBSTITUTE(C5,N5,"")) -> DHD | P5: =DATEDIF(D5,TODAY(), "M") -> 168
C6: Sadiq Pasha | D6: =D5+345 -> 41268 | E6: =LEFT(C6,FIND(" ",C6)-1) -> Sadiq | F6: =RIGHT(C6,LEN(C6)-FIND(" ",C6)+1) -> Pasha | G6: =DATEDIF($D6,TODAY(),"M") -> 157 | J6: =DATEDIF(D6,TODAY(),"m") -> 157 | K6: {=_xlfn.CHOOSECOLS(_xlfn.TEXTSPLIT(TRIM($C6)," "),COLUMNS($K$4:K5))} -> Sadiq | L6: {=_xlfn.CHOOSECOLS(_xlfn.TEXTSPLIT(TRIM($C6)," "),COLUMNS($K$4:L5))} -> Pasha | N6: =MID(C6,1,FIND(" ",C6)-1) -> Sadiq | O6: =TRIM(SUBSTITUTE(C6,N6,"")) -> Pasha | P6: =DATEDIF(D6,TODAY(), "M") -> 157
C7: Ismail Shariff | D7: =D6+78 -> 41346 | E7: =LEFT(C7,FIND(" ",C7)-1) -> Ismail | F7: =RIGHT(C7,LEN(C7)-FIND(" ",C7)+1) -> Shariff | G7: =DATEDIF($D7,TODAY(),"M") -> 154 | J7: =DATEDIF(D7,TODAY(),"m") -> 154 | K7: {=_xlfn.CHOOSECOLS(_xlfn.TEXTSPLIT(TRIM($C7)," "),COLUMNS($K$4:K6))} -> Ismail | L7: {=_xlfn.CHOOSECOLS(_xlfn.TEXTSPLIT(TRIM($C7)," "),COLUMNS($K$4:L6))} -> Shariff | N7: =MID(C7,1,FIND(" ",C7)-1) -> Ismail | O7: =TRIM(SUBSTITUTE(C7,N7,"")) -> Shariff | P7: =DATEDIF(D7,TODAY(), "M") -> 154
C8: Raghavendra DHD | D8: =D5-88 -> 40835 | E8: =LEFT(C8,FIND(" ",C8)-1) -> Raghavendra | F8: =RIGHT(C8,LEN(C8)-FIND(" ",C8)+1) -> DHD | G8: =DATEDIF($D8,TODAY(),"M") -> 171 | J8: =DATEDIF(D8,TODAY(),"m") -> 171 | K8: {=_xlfn.CHOOSECOLS(_xlfn.TEXTSPLIT(TRIM($C8)," "),COLUMNS($K$4:K7))} -> Raghavendra | L8: {=_xlfn.CHOOSECOLS(_xlfn.TEXTSPLIT(TRIM($C8)," "),COLUMNS($K$4:L7))} -> DHD | N8: =MID(C8,1,FIND(" ",C8)-1) -> Raghavendra | O8: =TRIM(SUBSTITUTE(C8,N8,"")) -> DHD | P8: =DATEDIF(D8,TODAY(), "M") -> 171
C9: Shahid Ali | D9: 41532 | E9: =LEFT(C9,FIND(" ",C9)-1) -> Shahid | F9: =RIGHT(C9,LEN(C9)-FIND(" ",C9)+1) -> Ali | G9: =DATEDIF($D9,TODAY(),"M") -> 148 | J9: =DATEDIF(D9,TODAY(),"m") -> 148 | K9: {=_xlfn.CHOOSECOLS(_xlfn.TEXTSPLIT(TRIM($C9)," "),COLUMNS($K$4:K8))} -> Shahid | L9: {=_xlfn.CHOOSECOLS(_xlfn.TEXTSPLIT(TRIM($C9)," "),COLUMNS($K$4:L8))} -> Ali | N9: =MID(C9,1,FIND(" ",C9)-1) -> Shahid | O9: =TRIM(SUBSTITUTE(C9,N9,"")) -> Ali | P9: =DATEDIF(D9,TODAY(), "M") -> 148
C11: First Name | D11: Formulate to get the first name considering Space as the seperator.
C12: Last Name | D12: Formulate to get the Last name considering Space as the seperator.
C13: Tenure | D13: Calculate the tenure as on date and display in no of months

Sheet Database
A1: Date | B1: Login ID | C1: Agent Name | D1: ACD Calls | E1: ACD Time | F1: ACW Time | G1: AUX Time | H1: Avail Time | I1: Staffed Time | J1: Hold Time | K1: login hour | L1: aht | M1: Month
A2: 41456 | B2: 44021 | C2: Vinay DHD | D2: 149 | E2: 12469 | F2: 0 | G2: 2117 | H2: 17366 | I2: 31971 | J2: 0 | K2: =I2-G2 -> 29854 | L2: =(E2+F2+J2)/D2 -> 83.684564 | M2: =TEXT(A2,"mmm") -> Jul | O2: =K2/(60*60) -> 8.2927778 | P2: =I2-G2 -> 29854 | Q2: =(E2+F2+J2)/D2 -> 83.684564 | R2: =K2/3600 -> 8.2927778
A3: 41456 | B3: 44022 | C3: Sadiq Pasha | D3: 133 | E3: 8746 | F3: 15 | G3: 2716 | H3: 20805 | I3: 32322 | J3: 0 | K3: =I3-G3 -> 29606 | L3: =(E3+F3+J3)/D3 -> 65.87218 | M3: =TEXT(A3,"mmm") -> Jul | O3: =K3/(60*60) -> 8.2238889 | P3: =I3-G3 -> 29606 | Q3: =(E3+F3+J3)/D3 -> 65.87218 | R3: =K3/3600 -> 8.2238889
A4: 41456 | B4: 44027 | C4: Ismail Shariff | D4: 16 | E4: 2114 | F4: 0 | G4: 44 | H4: 2130 | I4: 4288 | J4: 0 | K4: =I4-G4 -> 4244 | L4: =(E4+F4+J4)/D4 -> 132.125 | M4: =TEXT(A4,"mmm") -> Jul | O4: =K4/(60*60) -> 1.1788889 | P4: =I4-G4 -> 4244 | Q4: =(E4+F4+J4)/D4 -> 132.125 | R4: =K4/3600 -> 1.1788889
A5: 41456 | B5: 44033 | C5: Raghavendra DHD | D5: 123 | E5: 11603 | F5: 0 | G5: 2442 | H5: 18165 | I5: 32235 | J5: 0 | K5: =I5-G5 -> 29793 | L5: =(E5+F5+J5)/D5 -> 94.333333 | M5: =TEXT(A5,"mmm") -> Jul | O5: =K5/(60*60) -> 8.2758333 | P5: =I5-G5 -> 29793 | Q5: =(E5+F5+J5)/D5 -> 94.333333 | R5: =K5/3600 -> 8.2758333
A6: 41456 | B6: 44050 | C6: Shahid Ali | D6: 106 | E6: 10771 | F6: 1 | G6: 5752 | H6: 16586 | I6: 33112 | J6: 0 | K6: =I6-G6 -> 27360 | L6: =(E6+F6+J6)/D6 -> 101.62264 | M6: =TEXT(A6,"mmm") -> Jul | O6: =K6/(60*60) -> 7.6 | P6: =I6-G6 -> 27360 | Q6: =(E6+F6+J6)/D6 -> 101.62264 | R6: =K6/3600 -> 7.6
A7: 41457 | B7: 44021 | C7: Vinay DHD | D7: 110 | E7: 9524 | F7: 0 | G7: 2485 | H7: 19919 | I7: 31940 | J7: 0 | K7: =I7-G7 -> 29455 | L7: =(E7+F7+J7)/D7 -> 86.581818 | M7: =TEXT(A7,"mmm") -> Jul | P7: =I7-G7 -> 29455 | Q7: =(E7+F7+J7)/D7 -> 86.581818 | R7: =K7/3600 -> 8.1819444
A8: 41457 | B8: 44022 | C8: Sadiq Pasha | D8: 119 | E8: 7629 | F8: 0 | G8: 4205 | H8: 19852 | I8: 31713 | J8: 0 | K8: =I8-G8 -> 27508 | L8: =(E8+F8+J8)/D8 -> 64.109244 | M8: =TEXT(A8,"mmm") -> Jul | P8: =I8-G8 -> 27508 | Q8: =(E8+F8+J8)/D8 -> 64.109244 | R8: =K8/3600 -> 7.6411111
A9: 41457 | B9: 44027 | C9: Ismail Shariff | D9: 11 | E9: 1137 | F9: 0 | G9: 66 | H9: 1645 | I9: 2848 | J9: 0 | K9: =I9-G9 -> 2782 | L9: =(E9+F9+J9)/D9 -> 103.36364 | M9: =TEXT(A9,"mmm") -> Jul | P9: =I9-G9 -> 2782 | Q9: =(E9+F9+J9)/D9 -> 103.36364 | R9: =K9/3600 -> 0.77277778
A10: 41457 | B10: 44033 | C10: Raghavendra DHD | D10: 100 | E10: 11254 | F10: 0 | G10: 2996 | H10: 18142 | I10: 32406 | J10: 0 | K10: =I10-G10 -> 29410 | L10: =(E10+F10+J10)/D10 -> 112.54 | M10: =TEXT(A10,"mmm") -> Jul | P10: =I10-G10 -> 29410 | Q10: =(E10+F10+J10)/D10 -> 112.54 | R10: =K10/3600 -> 8.1694444
A11: 41457 | B11: 44050 | C11: Shahid Ali | D11: 100 | E11: 9817 | F11: 1 | G11: 3814 | H11: 17136 | I11: 30772 | J11: 0 | K11: =I11-G11 -> 26958 | L11: =(E11+F11+J11)/D11 -> 98.18 | M11: =TEXT(A11,"mmm") -> Jul | P11: =I11-G11 -> 26958 | Q11: =(E11+F11+J11)/D11 -> 98.18 | R11: =K11/3600 -> 7.4883333
A12: 41458 | B12: 44021 | C12: Vinay DHD | D12: 104 | E12: 8066 | F12: 0 | G12: 2446 | H12: 21982 | I12: 32556 | J12: 0 | K12: =I12-G12 -> 30110 | L12: =(E12+F12+J12)/D12 -> 77.557692 | M12: =TEXT(A12,"mmm") -> Jul | P12: =I12-G12 -> 30110 | Q12: =(E12+F12+J12)/D12 -> 77.557692 | R12: =K12/3600 -> 8.3638889
A13: 41458 | B13: 44022 | C13: Sadiq Pasha | D13: 106 | E13: 7804 | F13: 7 | G13: 5765 | H13: 20548 | I13: 34149 | J13: 0 | K13: =I13-G13 -> 28384 | L13: =(E13+F13+J13)/D13 -> 73.688679 | M13: =TEXT(A13,"mmm") -> Jul | P13: =I13-G13 -> 28384 | Q13: =(E13+F13+J13)/D13 -> 73.688679 | R13: =K13/3600 -> 7.8844444
A14: 41458 | B14: 44033 | C14: Raghavendra DHD | D14: 111 | E14: 10140 | F14: 0 | G14: 3436 | H14: 18816 | I14: 32409 | J14: 0 | K14: =I14-G14 -> 28973 | L14: =(E14+F14+J14)/D14 -> 91.351351 | M14: =TEXT(A14,"mmm") -> Jul | P14: =I14-G14 -> 28973 | Q14: =(E14+F14+J14)/D14 -> 91.351351 | R14: =K14/3600 -> 8.0480556
A15: 41458 | B15: 44050 | C15: Shahid Ali | D15: 69 | E15: 7824 | F15: 1 | G15: 7294 | H15: 15422 | I15: 30541 | J15: 0 | K15: =I15-G15 -> 23247 | L15: =(E15+F15+J15)/D15 -> 113.4058 | M15: =TEXT(A15,"mmm") -> Jul | P15: =I15-G15 -> 23247 | Q15: =(E15+F15+J15)/D15 -> 113.4058 | R15: =K15/3600 -> 6.4575
A16: 41459 | B16: 44021 | C16: Vinay DHD | D16: 110 | E16: 9331 | F16: 0 | G16: 1990 | H16: 21802 | I16: 33138 | J16: 0 | K16: =I16-G16 -> 31148 | L16: =(E16+F16+J16)/D16 -> 84.827273 | M16: =TEXT(A16,"mmm") -> Jul | P16: =I16-G16 -> 31148 | Q16: =(E16+F16+J16)/D16 -> 84.827273 | R16: =K16/3600 -> 8.6522222
A17: 41459 | B17: 44022 | C17: Sadiq Pasha | D17: 139 | E17: 9766 | F17: 103 | G17: 2874 | H17: 22339 | I17: 35105 | J17: 0 | K17: =I17-G17 -> 32231 | L17: =(E17+F17+J17)/D17 -> 71 | M17: =TEXT(A17,"mmm") -> Jul | P17: =I17-G17 -> 32231 | Q17: =(E17+F17+J17)/D17 -> 71 | R17: =K17/3600 -> 8.9530556
A18: 41459 | B18: 44033 | C18: Raghavendra DHD | D18: 105 | E18: 10913 | F18: 0 | G18: 3262 | H18: 18300 | I18: 32494 | J18: 0 | K18: =I18-G18 -> 29232 | L18: =(E18+F18+J18)/D18 -> 103.93333 | M18: =TEXT(A18,"mmm") -> Jul | P18: =I18-G18 -> 29232 | Q18: =(E18+F18+J18)/D18 -> 103.93333 | R18: =K18/3600 -> 8.12
... A190: 41513 | B190: 44050 | C190: Shahid Ali | D190: 114 | E190: 9983 | F190: 0 | G190: 2850 | H190: 19618 | I190: 32455 | J190: 0 | K190: =I190-G190 -> 29605 | L190: =(E190+F190+J190)/D190 -> 87.570175 | M190: =TEXT(A190,"mmm") -> Aug | P190: =I190-G190 -> 29605 | Q190: =(E190+F190+J190)/D190 -> 87.570175 | R190: =K190/3600 -> 8.2236111
I194: =HOUR(I192) -> 0
I195: =MIN(I192) -> 0
I196: =MINUTE(I192) -> 0
